Date,Close,log_ret
2016-01-05,7784.64990234375,0.9991464964113241
2016-01-06,7741.0,0.9943928239687942
2016-01-07,7568.2998046875,0.977690195670779
2016-01-08,7601.35009765625,1.0043669375978315
2016-01-11,7563.85009765625,0.9950666658530092
2016-01-12,7510.2998046875,0.9929202334423123
2016-01-13,7562.39990234375,1.0069371528449147
2016-01-14,7536.7998046875,0.996614818313388
2016-01-15,7437.7998046875,0.9868644514163124
2016-01-18,7351.0,0.9883299084451297
2016-01-19,7435.10009765625,1.0114406336085227
2016-01-20,7309.2998046875,0.9830802152874303
2016-01-21,7276.7998046875,0.9955536096659823
2016-01-22,7422.4501953125,1.0200157204450198
2016-01-25,7436.14990234375,1.0018457122204607
2016-01-27,7437.75,1.0002151782410607
2016-01-28,7424.64990234375,0.9982387015352425
2016-01-29,7563.5498046875,1.0187079396565086
2016-02-01,7555.9501953125,0.9989952324541725
2016-02-02,7455.5498046875,0.9867124070395162
2016-02-03,7361.7998046875,0.9874254746523111
2016-02-04,7404.0,1.0057323204151287
2016-02-05,7489.10009765625,1.0114938003317464
2016-02-08,7387.25,0.9864002221457656
2016-02-09,7298.2001953125,0.9879454729855495
2016-02-10,7215.7001953125,0.9886958431130749
2016-02-11,6976.35009765625,0.9668292624170087
2016-02-12,6980.9501953125,1.000659384576728
2016-02-15,7162.9501953125,1.026070949499426
2016-02-16,7048.25,0.983987017613558
2016-02-17,7108.4501953125,1.0085411549409429
2016-02-18,7191.75,1.0117184199647948
2016-02-19,7210.75,1.0026419160844022
2016-02-22,7234.5498046875,1.0033006004489824
2016-02-23,7109.5498046875,0.9827217997837255
2016-02-24,7018.7001953125,0.9872214680435742
2016-02-25,6970.60009765625,0.9931468653286581
2016-02-26,7029.75,1.008485625558069
2016-02-29,6987.0498046875,0.9939257875013336
2016-03-01,7222.2998046875,1.0336694322462356
2016-03-02,7368.85009765625,1.0202913610528372
2016-03-03,7475.60009765625,1.014486656477644
2016-03-04,7485.35009765625,1.0013042431206367
2016-03-08,7485.2998046875,0.9999932811467608
2016-03-09,7531.7998046875,1.006212176026788
2016-03-10,7486.14990234375,0.9939390446470259
2016-03-11,7510.2001953125,1.0032126384433233
2016-03-14,7538.75,1.0038014705260878
2016-03-15,7460.60009765625,0.9896335728942133
2016-03-16,7498.75,1.005113516586385
2016-03-17,7512.5498046875,1.0018402806717785
2016-03-18,7604.35009765625,1.012219591930222
2016-03-21,7704.25,1.0131372045027938
2016-03-22,7714.89990234375,1.0013823412199436
2016-03-23,7716.5,1.0002074035537083
2016-03-28,7615.10009765625,0.9868593400707899
2016-03-29,7597.0,0.9976231306976752
2016-03-30,7735.2001953125,1.0181914170478479
2016-03-31,7738.39990234375,1.000413655361265
2016-04-01,7713.0498046875,0.9967241163578827
2016-04-04,7758.7998046875,1.0059315058450933
2016-04-05,7603.2001953125,0.9799454022153021
2016-04-06,7614.35009765625,1.0014664749128432
2016-04-07,7546.4501953125,0.9910826398217951
2016-04-08,7555.2001953125,1.0011594855559287
2016-04-11,7671.39990234375,1.0153800963610924
2016-04-12,7708.9501953125,1.0048948423295307
2016-04-13,7850.4501953125,1.018355287868644
2016-04-18,7914.7001953125,1.0081842440116828
2016-04-20,7914.75,1.0000062926815003
2016-04-21,7912.0498046875,0.9996588401007612
2016-04-22,7899.2998046875,0.9983885339052787
2016-04-25,7855.0498046875,0.9943982376800357
2016-04-26,7962.64990234375,1.0136982069282412
2016-04-27,7979.89990234375,1.002166364239488
2016-04-28,7847.25,0.9833769967083434
2016-04-29,7849.7998046875,1.0003249297126382
2016-05-02,7805.89990234375,0.9944075131295024
2016-05-03,7747.0,0.9924544379148309
2016-05-04,7706.5498046875,0.9947785987721053
2016-05-05,7735.5,1.0037565701962883
2016-05-06,7733.4501953125,0.999735013290996
2016-05-09,7866.0498046875,1.0171462421074844
2016-05-10,7887.7998046875,1.0027650473287162
2016-05-11,7848.85009765625,0.9950620314922162
2016-05-12,7900.39990234375,1.0065678161827671
2016-05-13,7814.89990234375,0.98917776301746
2016-05-16,7860.75,1.0058670102277956
2016-05-17,7890.75,1.0038164297299876
2016-05-18,7870.14990234375,0.9973893359115104
2016-05-19,7783.39990234375,0.9889773382875254
2016-05-20,7749.7001953125,0.9956703102173765
2016-05-23,7731.0498046875,0.9975934048860005
2016-05-24,7748.85009765625,1.0023024418957898
2016-05-25,7934.89990234375,1.0240099888812888
2016-05-26,8069.64990234375,1.0169819407501535
2016-05-27,8156.64990234375,1.0107811368588284
2016-05-30,8178.5,1.0026788078338353
2016-05-31,8160.10009765625,0.9977502106322981
2016-06-01,8179.9501953125,1.0024325801667495
2016-06-02,8218.9501953125,1.0047677551902883
2016-06-03,8220.7998046875,1.0002250420468608
2016-06-06,8201.0498046875,0.9975975573582587
2016-06-07,8266.4501953125,1.0079746364407662
2016-06-08,8273.0498046875,1.0007983607496653
2016-06-09,8203.599609375,0.9916052487350977
2016-06-10,8170.0498046875,0.9959103556627557
2016-06-13,8110.60009765625,0.9927234584301872
2016-06-14,8108.85009765625,0.9997842329816624
2016-06-15,8206.599609375,1.0120546699644877
2016-06-16,8140.75,0.991976017777232
2016-06-17,8170.2001953125,1.0036176267926789
2016-06-20,8238.5,1.008359624373303
2016-06-21,8219.900390625,0.99774235487346
2016-06-22,8203.7001953125,0.9980291494370204
2016-06-23,8270.4501953125,1.0081365723284403
2016-06-24,8088.60009765625,0.9780120678606687
2016-06-27,8094.7001953125,1.0007541598771854
2016-06-28,8127.85009765625,1.0040952600521198
2016-06-29,8204.0,1.0093690092003185
2016-06-30,8287.75,1.0102084349098002
2016-07-01,8328.349609375,1.0048987492835812
2016-07-04,8370.7001953125,1.0050851114475101
2016-07-05,8335.9501953125,0.9958486149080504
2016-07-07,8337.900390625,1.0002339499717257
2016-07-08,8323.2001953125,0.9982369428004887
2016-07-11,8467.900390625,1.0173851633887159
2016-07-12,8521.0498046875,1.0062765752560507
2016-07-13,8519.5,0.9998181204519369
2016-07-14,8565.0,1.005340689007571
2016-07-15,8541.400390625,0.9972446457238763
2016-07-18,8508.7001953125,0.9961715651044305
2016-07-19,8528.5498046875,1.0023328603569714
2016-07-20,8565.849609375,1.0043735225263033
2016-07-21,8510.099609375,0.9934915971512057
2016-07-22,8541.2001953125,1.0036545501656924
2016-07-25,8635.650390625,1.0110581877432558
2016-07-26,8590.650390625,0.994789043330326
2016-07-27,8615.7998046875,1.0029275331807177
2016-07-28,8666.2998046875,1.0058613246761519
2016-07-29,8638.5,0.9967921944412236
2016-08-01,8636.5498046875,0.9997742437561498
2016-08-02,8622.900390625,0.9984195755977587
2016-08-03,8544.849609375,0.9909484306075415
2016-08-04,8551.099609375,1.0007314347572769
2016-08-05,8683.150390625,1.015442549763451
2016-08-08,8711.349609375,1.0032475792173825
2016-08-09,8678.25,0.9962004039719197
2016-08-10,8575.2998046875,0.9881369866836632
2016-08-11,8592.150390625,1.0019650142060677
2016-08-16,8642.5498046875,1.0058657509204554
2016-08-17,8624.0498046875,0.9978594280139449
2016-08-18,8673.25,1.0057049989769027
2016-08-19,8666.900390625,0.9992679088721068
2016-08-22,8629.150390625,0.9956443482330968
2016-08-23,8632.599609375,1.0003997170745509
2016-08-24,8650.2998046875,1.0020503899304305
2016-08-25,8592.2001953125,0.9932835149432028
2016-08-26,8572.5498046875,0.997712996650646
2016-08-29,8607.4501953125,1.0040711796863422
2016-08-30,8744.349609375,1.0159047581985492
2016-08-31,8786.2001953125,1.0047860147188798
2016-09-01,8774.650390625,0.9986854607872853
2016-09-02,8809.650390625,1.003988762906998
2016-09-06,8943.0,1.0151367651906944
2016-09-07,8917.9501953125,0.9971989483744269
2016-09-08,8952.5,1.0038741867728371
2016-09-09,8866.7001953125,0.9904161067090198
2016-09-12,8715.599609375,0.9829586449739914
2016-09-14,8726.599609375,1.0012621047883117
2016-09-15,8742.5498046875,1.0018277675184462
2016-09-16,8779.849609375,1.0042664675089985
2016-09-19,8808.400390625,1.0032518531091368
2016-09-20,8775.900390625,0.9963103402935009
2016-09-21,8777.150390625,1.0001424355273374
2016-09-22,8867.4501953125,1.010288054854791
2016-09-23,8831.5498046875,0.9959514415266773
2016-09-26,8723.0498046875,0.9877145005803611
2016-09-27,8706.400390625,0.9980913310785463
2016-09-28,8745.150390625,1.004450748674702
2016-09-29,8591.25,0.9824016301892321
2016-09-30,8611.150390625,1.002316355667103
2016-10-03,8738.099609375,1.0147424226719126
2016-10-04,8769.150390625,1.0035534936242527
2016-10-05,8743.9501953125,0.9971262671764142
2016-10-06,8709.5498046875,0.9960658066598502
2016-10-07,8697.599609375,0.9986279204344101
2016-10-10,8708.7998046875,1.001287734066354
2016-10-13,8573.349609375,0.9844467437132274
2016-10-14,8583.400390625,1.0011723284023095
2016-10-17,8520.400390625,0.9926602515165424
2016-10-18,8677.900390625,1.0184850468028823
2016-10-19,8659.099609375,0.9978334873179334
2016-10-20,8699.400390625,1.0046541537882723
2016-10-21,8693.0498046875,0.9992699972811524
2016-10-24,8708.9501953125,1.0018290923188344
2016-10-25,8691.2998046875,0.9979733044478196
2016-10-26,8615.25,0.9912498928357661
2016-10-27,8615.25,1.0
2016-10-28,8638.0,1.0026406662604104
2016-11-01,8626.25,0.9986397314193101
2016-11-02,8514.0,0.9869873931314302
2016-11-03,8484.9501953125,0.9965879956909208
2016-11-04,8433.75,0.9939657636009713
2016-11-07,8497.0498046875,1.0075055348673485
2016-11-08,8543.5498046875,1.0054724876361614
2016-11-09,8432.0,0.9869433891956365
2016-11-10,8525.75,1.0111183586337762
2016-11-11,8296.2998046875,0.9730873887561211
2016-11-15,8108.4501953125,0.9773574227309308
2016-11-16,8111.60009765625,1.0003884715658204
2016-11-17,8079.9501953125,0.9960981924697083
2016-11-18,8074.10009765625,0.9992759735499801
2016-11-21,7929.10009765625,0.9820413422862951
2016-11-22,8002.2998046875,1.0092317799157167
2016-11-23,8033.2998046875,1.003873886352251
2016-11-24,7965.5,0.9915601550625637
2016-11-25,8114.2998046875,1.0186805353948276
2016-11-28,8126.89990234375,1.0015528262400375
2016-11-29,8142.14990234375,1.0018764842908428
2016-11-30,8224.5,1.0101140483341562
2016-12-01,8192.900390625,0.996157868639431
2016-12-02,8086.7998046875,0.9870496916990582
2016-12-05,8128.75,1.005187490271267
2016-12-06,8143.14990234375,1.0017714780678149
2016-12-07,8102.0498046875,0.9949528010476117
2016-12-08,8246.849609375,1.0178719963685887
2016-12-09,8261.75,1.001806797908387
2016-12-12,8170.7998046875,0.9889914127984386
2016-12-13,8221.7998046875,1.006241739024219
2016-12-14,8182.4501953125,0.995213990815908
2016-12-15,8153.60009765625,0.9964741493113178
2016-12-16,8139.4501953125,0.9982645822490341
2016-12-19,8104.35009765625,0.9956876574198508
2016-12-20,8082.39990234375,0.9972915539126515
2016-12-21,8061.2998046875,0.997389377176186
2016-12-22,7979.10009765625,0.9898031695852011
2016-12-23,7985.75,1.000833415079691
2016-12-26,7908.25,0.9902952133487775
2016-12-27,8032.85009765625,1.0157557105119654
2016-12-28,8034.85009765625,1.000248977632557
2016-12-29,8103.60009765625,1.0085564757480734
2016-12-30,8185.7998046875,1.0101436035886104
2017-01-02,8179.5,0.9992303983926052
2017-01-03,8192.25,1.001558774986246
2017-01-04,8190.5,0.9997863834721841
2017-01-05,8273.7998046875,1.0101702954261034
2017-01-06,8243.7998046875,0.9963740964601291
2017-01-09,8236.0498046875,0.9990598995386092
2017-01-10,8288.599609375,1.0063804622280927
2017-01-11,8380.650390625,1.011105709720359
2017-01-12,8407.2001953125,1.0031679885748723
2017-01-13,8400.349609375,0.9991851525147076
2017-01-16,8412.7998046875,1.0014821044232023
2017-01-17,8398.0,0.9982407991357106
2017-01-18,8417.0,1.002262443438914
2017-01-19,8435.099609375,1.0021503634757039
2017-01-20,8349.349609375,0.9898341449454023
2017-01-23,8391.5,1.0050483441941
2017-01-24,8475.7998046875,1.01004585648424
2017-01-25,8602.75,1.0149779605745632
2017-01-27,8641.25,1.0044753131266164
2017-01-30,8632.75,0.9990163460147549
2017-01-31,8561.2998046875,0.9917233563681909
2017-02-01,8716.400390625,1.0181164764084747
2017-02-02,8734.25,1.002047818890261
2017-02-03,8740.9501953125,1.0007671174184962
2017-02-06,8801.0498046875,1.0068756380064068
2017-02-07,8768.2998046875,0.996278853008813
2017-02-08,8769.0498046875,1.0000855353964515
2017-02-09,8778.400390625,1.001066316892453
2017-02-10,8793.5498046875,1.0017257602055472
2017-02-13,8805.0498046875,1.0013077767517584
2017-02-14,8792.2998046875,0.9985519673048059
2017-02-15,8724.7001953125,0.9923114985980164
2017-02-16,8778.0,1.006109070053334
2017-02-17,8821.7001953125,1.0049783772285827
2017-02-20,8879.2001953125,1.0065180179247708
2017-02-21,8907.849609375,1.0032265759789518
2017-02-22,8926.900390625,1.002138650974748
2017-02-23,8939.5,1.0014114204061504
2017-02-27,8896.7001953125,0.9952122820417809
2017-02-28,8879.599609375,0.998077873193197
2017-03-01,8945.7998046875,1.0074553131024744
2017-03-02,8899.75,0.9948523546588456
2017-03-03,8897.5498046875,0.9997527800991601
2017-03-06,8963.4501953125,1.0074065773242744
2017-03-07,8946.900390625,0.9981536345573544
2017-03-08,8924.2998046875,0.9974739200224938
2017-03-09,8927.0,1.0003025666294942
2017-03-10,8934.5498046875,1.0008457269729472
2017-03-14,9087.0,1.0170629968655518
2017-03-15,9084.7998046875,0.9997578744016177
2017-03-16,9153.7001953125,1.0075841396735512
2017-03-17,9160.0498046875,1.0006936658662091
2017-03-20,9126.849609375,0.9963755442360684
2017-03-21,9121.5,0.9994138602470775
2017-03-22,9030.4501953125,0.9900181105423999
2017-03-23,9086.2998046875,1.0061845874975304
2017-03-24,9108.0,1.002388232369496
2017-03-27,9045.2001953125,0.9931049841142402
2017-03-28,9100.7998046875,1.0061468633280017
2017-03-29,9143.7998046875,1.0047248594544242
2017-03-30,9173.75,1.0032754648999584
2017-03-31,9173.75,1.0
2017-04-03,9237.849609375,1.0069872853931052
2017-04-05,9265.150390625,1.002955317785461
2017-04-06,9261.9501953125,0.9996545986651508
2017-04-07,9198.2998046875,0.9931277550318491
2017-04-10,9181.4501953125,0.9981681821931468
2017-04-11,9237.0,1.0060502212075235
2017-04-12,9203.4501953125,0.9963678895001082
2017-04-13,9150.7998046875,0.9942792768464357
2017-04-17,9139.2998046875,0.9987432792493057
2017-04-18,9105.150390625,0.9962634540071675
2017-04-19,9103.5,0.9998187409812913
2017-04-20,9136.400390625,1.0036140375267755
2017-04-21,9119.400390625,0.9981393109678682
2017-04-24,9217.9501953125,1.010806610135115
2017-04-25,9306.599609375,1.0096170419870114
2017-04-26,9351.849609375,1.0048621410503593
2017-04-27,9342.150390625,0.9989628555681352
2017-04-28,9304.0498046875,0.9959216471214449
2017-05-02,9313.7998046875,1.0010479307618374
2017-05-03,9311.9501953125,0.9998014119463821
2017-05-04,9359.900390625,1.0051493182745583
2017-05-05,9285.2998046875,0.9920297671103188
2017-05-08,9314.0498046875,1.0030962920535411
2017-05-09,9316.849609375,1.0003006001413146
2017-05-10,9407.2998046875,1.009708238203339
2017-05-11,9422.400390625,1.00160519875533
2017-05-12,9400.900390625,0.9977182035247205
2017-05-15,9445.400390625,1.0047335891405016
2017-05-16,9512.25,1.007077477566896
2017-05-17,9525.75,1.0014192225814083
2017-05-18,9429.4501953125,0.989890580302076
2017-05-19,9427.900390625,0.9998356420941413
2017-05-22,9438.25,1.0010977639714238
2017-05-23,9386.150390625,0.9944799502688528
2017-05-24,9360.5498046875,0.9972725148360002
2017-05-25,9509.75,1.015939255537937
2017-05-26,9595.099609375,1.008974958266516
2017-05-29,9604.900390625,1.00102143611312
2017-05-30,9624.5498046875,1.002045769686657
2017-05-31,9621.25,0.9996571471129078
2017-06-01,9616.099609375,0.9994646859165909
2017-06-02,9653.5,1.0038893514152596
2017-06-05,9675.099609375,1.0022374899647797
2017-06-06,9637.150390625,0.9960776405120183
2017-06-07,9663.900390625,1.002775716774745
2017-06-08,9647.25,0.9982770527476512
2017-06-09,9668.25,1.0021767861307627
2017-06-12,9616.400390625,0.9946371257078582
2017-06-13,9606.900390625,0.9990121043619127
2017-06-14,9618.150390625,1.0011710332721862
2017-06-15,9578.0498046875,0.9958307383115379
2017-06-16,9588.0498046875,1.0010440538735876
2017-06-19,9657.5498046875,1.007248606485755
2017-06-20,9653.5,0.9995806591972702
2017-06-21,9633.599609375,0.9979385310379655
2017-06-22,9630.0,0.9996263484553066
2017-06-23,9574.9501953125,0.9942835093782451
2017-06-27,9511.400390625,0.9933629101571085
2017-06-28,9491.25,0.9978814485987929
2017-06-29,9504.099609375,1.0013538374160411
2017-06-30,9520.900390625,1.0017677404426009
2017-07-03,9615.0,1.0098834779815213
2017-07-04,9613.2998046875,0.9998231726144046
2017-07-05,9637.599609375,1.0025277277502207
2017-07-06,9674.5498046875,1.003833962481338
2017-07-07,9665.7998046875,0.9990955651501467
2017-07-10,9771.0498046875,1.0108889075013698
2017-07-11,9786.0498046875,1.0015351472257161
2017-07-12,9816.099609375,1.0030706776776372
2017-07-13,9891.7001953125,1.0077016930294083
2017-07-14,9886.349609375,0.9994590832888328
2017-07-17,9915.9501953125,1.0029940865038225
2017-07-18,9827.150390625,0.9910447508369417
2017-07-19,9899.599609375,1.0073723527034975
2017-07-20,9873.2998046875,0.9973433466276157
2017-07-21,9915.25,1.0042488525763782
2017-07-24,9966.400390625,1.0051587595496836
2017-07-25,9964.5498046875,0.9998143175203716
2017-07-26,10020.650390625,1.0056300171143817
2017-07-27,10020.5498046875,0.9999899621348337
2017-07-28,10014.5,0.9993962602047375
2017-07-31,10077.099609375,1.006250897136652
2017-08-01,10114.650390625,1.003726348126505
2017-08-02,10081.5,0.9967225371767939
2017-08-03,10013.650390625,0.9932698894633735
2017-08-04,10066.400390625,1.005267809234621
2017-08-07,10057.400390625,0.9991059366157955
2017-08-08,9978.5498046875,0.9921599436360313
2017-08-09,9908.0498046875,0.9929348451047584
2017-08-10,9820.25,0.9911385382170806
2017-08-11,9710.7998046875,0.9888546426707568
2017-08-14,9794.150390625,1.008583287433983
2017-08-16,9897.2998046875,1.0105317367968165
2017-08-17,9904.150390625,1.0006921671640436
2017-08-18,9837.400390625,0.9932604012088524
2017-08-21,9754.349609375,0.9915576495870649
2017-08-22,9765.5498046875,1.001148225741441
2017-08-23,9852.5,1.0089037685590179
2017-08-24,9857.0498046875,1.0004617918992642
2017-08-28,9912.7998046875,1.0056558504932671
2017-08-29,9796.0498046875,0.9882222982103611
2017-08-30,9884.400390625,1.0090190013014453
2017-08-31,9917.900390625,1.0033891787742404
2017-09-01,9974.400390625,1.0056967702613153
2017-09-04,9912.849609375,0.9938291246752183
2017-09-05,9952.2001953125,1.0039696542859164
2017-09-06,9916.2001953125,0.9963827094216858
2017-09-07,9929.900390625,1.0013815972895521
2017-09-08,9934.7998046875,1.0004934001218306
2017-09-11,10006.0498046875,1.0071717600153738
2017-09-12,10093.0498046875,1.0086947398522086
2017-09-13,10079.2998046875,0.9986376763945409
2017-09-14,10086.599609375,1.0007242372812548
2017-09-15,10085.400390625,0.9998811077274362
2017-09-18,10153.099609375,1.0067125960425856
2017-09-19,10147.5498046875,0.9994533881375126
2017-09-20,10141.150390625,0.9993693636212021
2017-09-21,10121.900390625,0.998101793262252
2017-09-22,9964.400390625,0.9844396808976822
2017-09-25,9872.599609375,0.9907871243977339
2017-09-26,9871.5,0.9998886200779422
2017-09-27,9735.75,0.9862482905333536
2017-09-28,9768.9501953125,1.0034101322766609
2017-09-29,9788.599609375,1.002011415113154
2017-10-03,9859.5,1.00724315974239
2017-10-04,9914.900390625,1.0056189858131752
2017-10-05,9888.7001953125,0.9973574928360074
2017-10-06,9979.7001953125,1.009202422785872
2017-10-09,9988.75,1.0009068212982741
2017-10-10,10016.9501953125,1.0028231956263296
2017-10-11,9984.7998046875,0.9967904012700348
2017-10-12,10096.400390625,1.0111770479248976
2017-10-13,10167.4501953125,1.0070371421435973
2017-10-16,10230.849609375,1.0062355273785093
2017-10-17,10234.4501953125,1.000351934206344
2017-10-18,10210.849609375,0.9976940054925169
2017-10-19,10146.5498046875,0.9937027958350827
2017-10-23,10184.849609375,1.0037746628582858
2017-10-24,10207.7001953125,1.0022435859942858
2017-10-25,10295.349609375,1.008586597606261
2017-10-26,10343.7998046875,1.0047060272016777
2017-10-27,10323.0498046875,0.9979939673628837
2017-10-30,10363.650390625,1.0039330030083806
2017-10-31,10335.2998046875,0.997264420848937
2017-11-01,10440.5,1.0101787270132974
2017-11-02,10423.7998046875,0.9984004410408984
2017-11-03,10452.5,1.0027533333189682
2017-11-06,10451.7998046875,0.9999330116897871
2017-11-07,10350.150390625,0.9902744583744408
2017-11-08,10303.150390625,0.995459003181
2017-11-09,10308.9501953125,1.0005629156585716
2017-11-10,10321.75,1.00124162057678
2017-11-13,10224.9501953125,0.9906217642659917
2017-11-14,10186.599609375,0.996249313179532
2017-11-15,10118.0498046875,0.993270590057902
2017-11-16,10214.75,1.0095571970072434
2017-11-17,10283.599609375,1.0067402148241513
2017-11-20,10298.75,1.0014732575363192
2017-11-21,10326.900390625,1.0027333793542905
2017-11-22,10342.2998046875,1.0014911942092983
2017-11-23,10348.75,1.000623671275665
2017-11-24,10389.7001953125,1.0039570185106896
2017-11-27,10399.5498046875,1.0009480167078781
2017-11-28,10370.25,0.997182589127628
2017-11-29,10361.2998046875,0.9991369354342953
2017-11-30,10226.5498046875,0.9869948749153037
2017-12-01,10121.7998046875,0.9897570537472974
2017-12-04,10127.75,1.0005878594150563
2017-12-05,10118.25,0.9990619831650662
2017-12-06,10044.099609375,0.9926716190423245
2017-12-07,10166.7001953125,1.0122062295980285
2017-12-08,10265.650390625,1.0097327739986002
2017-12-11,10322.25,1.005513494734507
2017-12-12,10240.150390625,0.9920463455763037
2017-12-13,10192.9501953125,0.9953906736217749
2017-12-14,10252.099609375,1.005802972930222
2017-12-15,10333.25,1.007915489872025
2017-12-18,10388.75,1.0053710110565408
2017-12-19,10463.2001953125,1.0071664247683794
2017-12-20,10444.2001953125,0.9981841119690598
2017-12-21,10440.2998046875,0.9996265496110702
2017-12-22,10493.0,1.0050477664720738
2017-12-26,10531.5,1.0036691127418278
2017-12-27,10490.75,0.9961306556520914
2017-12-28,10477.900390625,0.998775148642852
2017-12-29,10530.7001953125,1.0050391588695329
2018-01-02,10442.2001953125,0.9915960004217579
2018-01-03,10443.2001953125,1.000095765258403
2018-01-04,10504.7998046875,1.0058985376343401
2018-01-05,10558.849609375,1.005145248428569
2018-01-08,10623.599609375,1.0061322968311348
2018-01-09,10637.0,1.0012613794869654
2018-01-10,10632.2001953125,0.9995487633084986
2018-01-11,10651.2001953125,1.0017870242895142
2018-01-12,10681.25,1.0028212599647433
2018-01-15,10741.5498046875,1.0056453883850205
2018-01-16,10700.4501953125,0.9961737728612435
2018-01-17,10788.5498046875,1.0082332619438379
2018-01-18,10817.0,1.002637073177355
2018-01-19,10894.7001953125,1.0071831557097624
2018-01-22,10966.2001953125,1.0065628240078386
2018-01-23,11083.7001953125,1.0107147414699054
2018-01-24,11086.0,1.0002074943066823
2018-01-25,11069.650390625,0.9985252021130254
2018-01-29,11130.400390625,1.005487978197708
2018-01-30,11049.650390625,0.9927450947705336
2018-01-31,11027.7001953125,0.9980134941345182
2018-02-01,11016.900390625,0.9990206657329975
2018-02-02,10760.599609375,0.9767356722705687
2018-02-05,10666.5498046875,0.9912597988865267
2018-02-06,10498.25,0.9842217204467053
2018-02-07,10476.7001953125,0.997947295531398
2018-02-08,10576.849609375,1.009559251691416
2018-02-09,10454.9501953125,0.9884748844349217
2018-02-12,10539.75,1.0081109716548933
2018-02-14,10500.900390625,0.996313991377879
2018-02-15,10545.5,1.0042472176400052
2018-02-16,10452.2998046875,0.9911620885389503
2018-02-19,10378.400390625,0.9929298417148962
2018-02-20,10360.400390625,0.9982656286785525
2018-02-21,10397.4501953125,1.003576097765587
2018-02-22,10382.7001953125,0.9985813829618871
2018-02-23,10491.0498046875,1.0104355906784168
2018-02-26,10582.599609375,1.00872646745482
2018-02-27,10554.2998046875,0.9973258173102921
2018-02-28,10492.849609375,0.9941777098955245
2018-03-01,10458.349609375,0.9967120466523054
2018-03-05,10358.849609375,0.9904860705831819
2018-03-06,10249.25,0.9894197122742462
2018-03-07,10154.2001953125,0.9907261697502256
2018-03-08,10242.650390625,1.008710700361544
2018-03-09,10226.849609375,0.9984573542347533
2018-03-12,10421.400390625,1.019023530088059
2018-03-13,10426.849609375,1.000522887380366
2018-03-14,10410.900390625,0.9984703703086252
2018-03-15,10360.150390625,0.9951253015497391
2018-03-16,10195.150390625,0.9840735902686016
2018-03-19,10094.25,0.9901030993404685
2018-03-20,10124.349609375,1.0029818569358793
2018-03-21,10155.25,1.0030520864862653
2018-03-22,10114.75,0.996011915019325
2018-03-23,9998.0498046875,0.9884623747188512
2018-03-26,10130.650390625,1.0132626450685744
2018-03-27,10184.150390625,1.0052810034832027
2018-03-28,10113.7001953125,0.993082368915393
2018-04-02,10211.7998046875,1.0096996754383196
2018-04-03,10245.0,1.003251160025411
2018-04-04,10128.400390625,0.9886188765861396
2018-04-05,10325.150390625,1.0194255748599863
2018-04-06,10331.599609375,1.0006246125727967
2018-04-09,10379.349609375,1.0046217431767943
2018-04-10,10402.25,1.002206341580817
2018-04-11,10417.150390625,1.0014324199692375
2018-04-12,10458.650390625,1.003983815001591
2018-04-13,10480.599609375,1.0020986664560156
2018-04-16,10528.349609375,1.0045560370379274
2018-04-17,10548.7001953125,1.0019329321966455
2018-04-18,10526.2001953125,0.9978670357879733
2018-04-19,10565.2998046875,1.003714503681244
2018-04-20,10564.0498046875,0.9998816881656831
2018-04-23,10584.7001953125,1.0019547797489403
2018-04-24,10614.349609375,1.0028011576629852
2018-04-25,10570.5498046875,0.995873529109234
2018-04-26,10617.7998046875,1.004469966167611
2018-04-27,10692.2998046875,1.0070165195587046
2018-04-30,10739.349609375,1.0044003446916887
2018-05-02,10718.0498046875,0.998016657855248
2018-05-03,10679.650390625,0.9964173133394374
2018-05-04,10618.25,0.9942507115514849
2018-05-07,10715.5,1.009158759682622
2018-05-08,10717.7998046875,1.0002146241134338
2018-05-09,10741.7001953125,1.0022299717349215
2018-05-10,10716.5498046875,0.9976586210592644
2018-05-11,10806.5,1.0083935778727176
2018-05-14,10806.599609375,1.0000092175426827
2018-05-15,10801.849609375,0.9995604537808656
2018-05-16,10741.099609375,0.9943759631732629
2018-05-17,10682.7001953125,0.9945629948342041
2018-05-18,10596.400390625,0.9919215363990681
2018-05-21,10516.7001953125,0.992478559475441
2018-05-22,10536.7001953125,1.0019017372016477
2018-05-23,10430.349609375,0.9899066516114018
2018-05-24,10513.849609375,1.0080054842960344
2018-05-25,10605.150390625,1.008683858400313
2018-05-28,10688.650390625,1.007873532851907
2018-05-29,10633.2998046875,0.994821555209061
2018-05-30,10614.349609375,0.9982178443511819
2018-05-31,10736.150390625,1.0114751054687723
2018-06-01,10696.2001953125,0.9962789087467157
2018-06-04,10628.5,0.9936706312450875
2018-06-05,10593.150390625,0.9966740735404808
2018-06-06,10684.650390625,1.008637657035529
2018-06-07,10768.349609375,1.0078335945201764
2018-06-08,10767.650390625,0.9999350672317148
2018-06-11,10786.9501953125,1.0017923877528847
2018-06-12,10842.849609375,1.0051821333231696
2018-06-13,10856.7001953125,1.0012773935299744
2018-06-14,10808.0498046875,0.9955188602660313
2018-06-15,10817.7001953125,1.0008928891705158
2018-06-18,10799.849609375,0.9983498723744225
2018-06-19,10710.4501953125,0.9917221612063102
2018-06-20,10772.0498046875,1.005751355755518
2018-06-21,10741.099609375,0.9971268054016023
2018-06-22,10821.849609375,1.0075178522624928
2018-06-25,10762.4501953125,0.9945111587938681
2018-06-26,10769.150390625,1.0006225529680424
2018-06-27,10671.400390625,0.9909231465385518
2018-06-28,10589.099609375,0.9922877243625586
2018-06-29,10714.2998046875,1.0118234977411729
2018-07-02,10657.2998046875,0.994680006996345
2018-07-03,10699.900390625,1.0039973151471973
2018-07-04,10769.900390625,1.0065421169772133
2018-07-05,10749.75,0.9981290086357214
2018-07-06,10772.650390625,1.002130318437638
2018-07-09,10852.900390625,1.0074494202531477
2018-07-10,10947.25,1.0086934926129518
2018-07-11,10948.2998046875,1.0000958966578364
2018-07-12,11023.2001953125,1.0068412805605609
2018-07-13,11018.900390625,0.9996099313619171
2018-07-16,10936.849609375,0.9925536325457838
2018-07-17,11008.0498046875,1.006510119262449
2018-07-18,10980.4501953125,0.9974927793873855
2018-07-19,10957.099609375,0.997873440020932
2018-07-20,11010.2001953125,1.0048462264495677
2018-07-23,11084.75,1.0067709763096986
2018-07-24,11134.2998046875,1.004470087704955
2018-07-25,11132.0,0.9997934486471676
2018-07-26,11167.2998046875,1.0031710209025781
2018-07-27,11278.349609375,1.0099441948035537
2018-07-30,11319.5498046875,1.0036530340643326
2018-07-31,11356.5,1.0032642813495285
2018-08-01,11346.2001953125,0.9990930476214063
2018-08-02,11244.7001953125,0.9910542738315218
2018-08-03,11360.7998046875,1.0103248292403026
2018-08-06,11387.099609375,1.0023149606664707
2018-08-07,11389.4501953125,1.0002064253425487
2018-08-08,11450.0,1.0053163061999622
2018-08-09,11470.7001953125,1.001807877319869
2018-08-10,11429.5,0.9964082231589196
2018-08-13,11355.75,0.993547399273809
2018-08-14,11435.099609375,1.0069876150298307
2018-08-16,11385.0498046875,0.9956231422202508
2018-08-17,11470.75,1.0075274326228432
2018-08-20,11551.75,1.007061438877144
2018-08-21,11570.900390625,1.0016577912978553
2018-08-23,11582.75,1.0010240870610727
2018-08-24,11557.099609375,0.9977854662644882
2018-08-27,11691.9501953125,1.0116682031387971
2018-08-28,11738.5,1.0039813550271675
2018-08-29,11691.900390625,0.9960301904523576
2018-08-30,11676.7998046875,0.9987084575276053
2018-08-31,11680.5,1.000316884366812
2018-09-03,11582.349609375,0.9915970728457686
2018-09-04,11520.2998046875,0.9946427273584216
2018-09-05,11476.9501953125,0.9962371110031909
2018-09-06,11536.900390625,1.0052235301445314
2018-09-07,11589.099609375,1.0045245444601756
2018-09-10,11438.099609375,0.9869705149589146
2018-09-11,11287.5,0.9868335112896233
2018-09-12,11369.900390625,1.0073001453488373
2018-09-14,11515.2001953125,1.012779338401883
2018-09-17,11377.75,0.9880635861312727
2018-09-18,11278.900390625,0.9913120248401486
2018-09-19,11234.349609375,0.9960500776044595
2018-09-21,11143.099609375,0.9918775894312696
2018-09-24,10967.400390625,0.9842324644928975
2018-09-25,11067.4501953125,1.0091224721560292
2018-09-26,11053.7998046875,0.998766618292009
2018-09-27,10977.5498046875,0.993101919579938
2018-09-28,10930.4501953125,0.995709460652605
2018-10-01,11008.2998046875,1.007122269255514
2018-10-03,10858.25,0.9863693933350537
2018-10-04,10599.25,0.9761471692031405
2018-10-05,10316.4501953125,0.9733188853279713
2018-10-08,10348.0498046875,1.0030630312536533
2018-10-09,10301.0498046875,0.9954580813885617
2018-10-10,10460.099609375,1.015440154906845
2018-10-11,10234.650390625,0.9784467426535844
2018-10-12,10472.5,1.0232396418340652
2018-10-15,10512.5,1.0038195273334924
2018-10-16,10584.75,1.006872770511296
2018-10-17,10453.0498046875,0.9875575525815442
2018-10-19,10303.5498046875,0.9856979539183904
2018-10-22,10245.25,0.9943417748453085
2018-10-23,10146.7998046875,0.9903906497828262
2018-10-24,10224.75,1.007682244334464
2018-10-25,10124.900390625,0.9902345182645053
2018-10-26,10030.0,0.9906270297026456
2018-10-29,10250.849609375,1.0220189042248256
2018-10-30,10198.400390625,0.9948834271549519
2018-10-31,10386.599609375,1.0184537978056838
2018-11-01,10380.4501953125,0.9994079473269626
2018-11-02,10553.0,1.0166225743046693
2018-11-05,10524.0,0.9972519662655169
2018-11-06,10530.0,1.000570125427594
2018-11-07,10598.400390625,1.0064957635921177
2018-11-09,10585.2001953125,0.998754510602923
2018-11-12,10482.2001953125,0.9902694329724995
2018-11-13,10582.5,1.0095685831999615
2018-11-14,10576.2998046875,0.9994141086404441
2018-11-15,10616.7001953125,1.0038198983927342
2018-11-16,10682.2001953125,1.0061695252569078
2018-11-19,10763.400390625,1.007601448561892
2018-11-20,10656.2001953125,0.990040304046863
2018-11-21,10600.0498046875,0.9947307305046972
2018-11-22,10526.75,0.9930849565767997
2018-11-26,10628.599609375,1.0096753137839314
2018-11-27,10685.599609375,1.005362889006537
2018-11-28,10728.849609375,1.0040475033298135
2018-11-29,10858.7001953125,1.0121029365370202
2018-11-30,10876.75,1.0016622435800642
2018-12-03,10883.75,1.0006435745971913
2018-12-04,10869.5,0.998690708625244
2018-12-05,10782.900390625,0.9920327881342288
2018-12-06,10601.150390625,0.9831446092038447
2018-12-07,10693.7001953125,1.008730166187374
2018-12-10,10488.4501953125,0.9808064564882818
2018-12-11,10549.150390625,1.0057873369451311
2018-12-12,10737.599609375,1.0178639238016243
2018-12-13,10791.5498046875,1.0050244186107848
2018-12-14,10805.4501953125,1.0012880810334548
2018-12-17,10888.349609375,1.0076720000151833
2018-12-18,10908.7001953125,1.0018690239262686
2018-12-19,10967.2998046875,1.0053718232535331
2018-12-20,10951.7001953125,0.9985776253359708
2018-12-21,10754.0,0.9819479905597563
2018-12-24,10663.5,0.9915845266877441
2018-12-26,10729.849609375,1.0062221230716932
2018-12-27,10779.7998046875,1.0046552558638713
2018-12-28,10859.900390625,1.007430619064249
2018-12-31,10862.5498046875,1.000243963016897
2019-01-02,10792.5,0.993551255833389
2019-01-03,10672.25,0.9888580032429928
2019-01-04,10727.349609375,1.005162885930802
2019-01-07,10771.7998046875,1.0041436325775803
2019-01-08,10802.150390625,1.0028175965472634
2019-01-09,10855.150390625,1.0049064304868407
2019-01-10,10821.599609375,0.9969092292559137
2019-01-11,10794.9501953125,0.997537386798213
2019-01-14,10737.599609375,0.9946872764672501
2019-01-15,10886.7998046875,1.0138951162960326
2019-01-16,10890.2998046875,1.000321490250835
2019-01-17,10905.2001953125,1.001368225934293
2019-01-18,10906.9501953125,1.0001604738994845
2019-01-21,10961.849609375,1.0050334340103702
2019-01-22,10922.75,0.996433119339499
2019-01-23,10831.5,0.9916458767251837
2019-01-24,10849.7998046875,1.0016894986555418
2019-01-25,10780.5498046875,0.9936173937541151
2019-01-28,10661.5498046875,0.988961601944619
2019-01-29,10652.2001953125,0.9991230534447356
2019-01-30,10651.7998046875,0.9999624124014139
2019-01-31,10830.9501953125,1.0168187906184796
2019-02-01,10893.650390625,1.0057889838086076
2019-02-04,10912.25,1.0017073807867936
2019-02-05,10934.349609375,1.0020252110586725
2019-02-06,11062.4501953125,1.0117154280331102
2019-02-07,11069.400390625,1.0006282690714798
2019-02-08,10943.599609375,0.9886352668789048
2019-02-11,10888.7998046875,0.9949925247045264
2019-02-12,10831.400390625,0.9947285821126227
2019-02-14,10746.0498046875,0.9921200783961994
2019-02-15,10724.400390625,0.9979853607180328
2019-02-18,10640.9501953125,0.9922186609719038
2019-02-19,10604.349609375,0.9965604024766864
2019-02-20,10735.4501953125,1.0123629068039777
2019-02-21,10789.849609375,1.0050672690080806
2019-02-22,10791.650390625,1.0001668958618697
2019-02-25,10880.099609375,1.0081960789636808
2019-02-26,10835.2998046875,0.9958824085903683
2019-02-27,10806.650390625,0.9973559186567126
2019-02-28,10792.5,0.9986905849533843
2019-03-01,10863.5,1.006578642575863
2019-03-05,10987.4501953125,1.0114097846285728
2019-03-06,11053.0,1.0059658795737219
2019-03-07,11058.2001953125,1.0004704781790013
2019-03-08,11035.400390625,0.9979381993195272
2019-03-11,11168.0498046875,1.0120203535320016
2019-03-12,11301.2001953125,1.0119224388280499
2019-03-13,11341.7001953125,1.0035836901656514
2019-03-14,11343.25,1.000136646592734
2019-03-15,11426.849609375,1.007369987382364
2019-03-18,11462.2001953125,1.0030936423551506
2019-03-19,11532.400390625,1.0061244956567073
2019-03-20,11521.0498046875,0.9990157655342311
2019-03-22,11456.900390625,0.9944319818809915
2019-03-25,11354.25,0.9910402999829695
2019-03-26,11483.25,1.0113613845036
2019-03-27,11445.0498046875,0.9966733986186402
2019-03-28,11570.0,1.0109174007492152
2019-04-01,11669.150390625,1.008569610252809
2019-04-02,11713.2001953125,1.00377489390512
2019-04-03,11643.9501953125,0.9940878667789087
2019-04-04,11598.0,0.9960537279409699
2019-04-05,11665.9501953125,1.0058587855934213
2019-04-08,11604.5,0.9947325169160082
2019-04-09,11671.9501953125,1.0058124171926839
2019-04-10,11584.2998046875,0.9924905102267999
2019-04-11,11596.7001953125,1.0010704480058417
2019-04-12,11643.4501953125,1.0040313191867198
2019-04-15,11690.349609375,1.0040279653604205
2019-04-16,11787.150390625,1.0082804008848778
2019-04-18,11752.7998046875,0.9970857599335611
2019-04-22,11594.4501953125,0.9865266479471688
2019-04-23,11575.9501953125,0.9984044090329114
2019-04-24,11726.150390625,1.0129751936366589
2019-04-25,11641.7998046875,0.9928066259490466
2019-04-26,11754.650390625,1.0096935686775907
2019-04-30,11748.150390625,0.9994470273650007
2019-05-02,11724.75,0.9980081638515903
2019-05-03,11712.25,0.9989338791871895
2019-05-06,11598.25,0.9902666012081368
2019-05-07,11497.900390625,0.9913478663268166
2019-05-08,11359.4501953125,0.9879586541360728
2019-05-09,11301.7998046875,0.994924896043931
2019-05-10,11278.900390625,0.9979738258986854
2019-05-13,11148.2001953125,0.9884119736156959
2019-05-14,11222.0498046875,1.0066243526382
2019-05-15,11157.0,0.9942033936919146
2019-05-16,11257.099609375,1.0089719108519315
2019-05-17,11407.150390625,1.013329435330308
2019-05-20,11828.25,1.0369154078761933
2019-05-21,11709.099609375,0.9899266256102974
2019-05-22,11737.900390625,1.0024596922232125
2019-05-23,11657.0498046875,0.9931120061299826
2019-05-24,11844.099609375,1.0160460672143894
2019-05-27,11924.75,1.0068093306612487
2019-05-28,11928.75,1.0003354368016102
2019-05-29,11861.099609375,0.9943287946662475
2019-05-30,11945.900390625,1.0071494873192848
2019-05-31,11922.7998046875,0.9980662331693617
2019-06-03,12088.5498046875,1.0139019360146293
2019-06-04,12021.650390625,0.9944658858884331
2019-06-06,11843.75,0.9852016665894947
2019-06-07,11870.650390625,1.0022712730870713
2019-06-10,11922.7001953125,1.0043847475053773
2019-06-11,11965.599609375,1.0035981290613485
2019-06-12,11906.2001953125,0.9950358180114969
2019-06-13,11914.0498046875,1.0006592875347493
2019-06-14,11823.2998046875,0.9923829427031357
2019-06-17,11672.150390625,0.9872159704516184
2019-06-18,11691.5,1.0016577587443134
2019-06-19,11691.4501953125,0.9999957400942993
2019-06-20,11831.75,1.0120002054786796
2019-06-21,11724.099609375,0.9909015664948126
2019-06-24,11699.650390625,0.997914618643256
2019-06-25,11796.4501953125,1.0082737348087825
2019-06-26,11847.5498046875,1.0043317785036134
2019-06-27,11841.5498046875,0.9994935661720007
2019-06-28,11788.849609375,0.995549552534784
2019-07-01,11865.599609375,1.0065103892697864
2019-07-02,11910.2998046875,1.0037672091410519
2019-07-03,11916.75,1.0005415644793392
2019-07-04,11946.75,1.0025174649128328
2019-07-05,11811.150390625,0.9886496654424843
2019-07-08,11558.599609375,0.9786175966863939
2019-07-09,11555.900390625,0.9997664752789074
2019-07-10,11498.900390625,0.9950674548868349
2019-07-11,11582.900390625,1.0073050463215147
2019-07-12,11552.5,0.997375407747648
2019-07-15,11588.349609375,1.0031031905972734
2019-07-16,11662.599609375,1.0064072971995883
2019-07-17,11687.5,1.0021350634900459
2019-07-18,11596.900390625,0.9922481617647059
2019-07-19,11419.25,0.9846812178564012
2019-07-22,11346.2001953125,0.9936029244751188
2019-07-23,11331.0498046875,0.9986647167893918
2019-07-24,11271.2998046875,0.9947268787067477
2019-07-25,11252.150390625,0.9983010465168768
2019-07-26,11284.2998046875,1.0028571795564771
2019-07-29,11189.2001953125,0.9915723960705568
2019-07-30,11085.400390625,0.99072321498627
2019-07-31,11118.0,1.0029407696814063
2019-08-01,10980.0,0.9875876956287102
2019-08-02,10997.349609375,1.0015801101434427
2019-08-05,10862.599609375,0.9877470477172856
2019-08-06,10948.25,1.0078848888576433
2019-08-07,10855.5,0.9915283264448657
2019-08-08,11032.4501953125,1.0163005108297638
2019-08-09,11109.650390625,1.0069975566574776
2019-08-13,10925.849609375,0.9834557547008768
2019-08-14,11029.400390625,1.0094775953314556
2019-08-16,11047.7998046875,1.0016682152620136
2019-08-19,11053.900390625,1.0005521991749806
2019-08-20,11017.0,0.9966617764480403
2019-08-21,10918.7001953125,0.9910774435247799
2019-08-22,10741.349609375,0.9837571704722108
2019-08-23,10829.349609375,1.008192639025844
2019-08-26,11057.849609375,1.0211000667853762
2019-08-27,11105.349609375,1.0042955910667957
2019-08-28,11046.099609375,0.9946647334767397
2019-08-29,10948.2998046875,0.9911462137635898
2019-08-30,11023.25,1.0068458296401794
2019-09-03,10797.900390625,0.9795568811942938
2019-09-04,10844.650390625,1.004329545403159
2019-09-05,10847.900390625,1.0002996869316148
2019-09-06,10946.2001953125,1.0090616433731685
2019-09-09,11003.0498046875,1.0051935473827114
2019-09-11,11035.7001953125,1.0029673946046387
2019-09-12,10982.7998046875,0.9952064309750396
2019-09-13,11075.900390625,1.0084769446400874
2019-09-16,11003.5,0.9934632501131663
2019-09-17,10817.599609375,0.9831053400622529
2019-09-18,10840.650390625,1.0021308591630644
2019-09-19,10704.7998046875,0.9874684100084083
2019-09-20,11274.2001953125,1.0531911293077771
2019-09-23,11600.2001953125,1.028915576657539
2019-09-24,11588.2001953125,0.9989655350943987
2019-09-25,11440.2001953125,0.9872283877128851
2019-09-26,11571.2001953125,1.011450848565891
2019-09-27,11512.400390625,0.9949184351065571
2019-09-30,11474.4501953125,0.9967035375747177
2019-10-01,11359.900390625,0.9900169678949589
2019-10-03,11314.0,0.9959594372268545
2019-10-04,11174.75,0.9876922397030228
2019-10-07,11126.400390625,0.9956733162374998
2019-10-09,11313.2998046875,1.0167978328570648
2019-10-10,11234.5498046875,0.993039166170831
2019-10-11,11305.0498046875,1.0062752848334504
2019-10-14,11341.150390625,1.0031933150725734
2019-10-15,11428.2998046875,1.007684353972992
2019-10-16,11464.0,1.0031238413344614
2019-10-17,11586.349609375,1.0106725060515527
2019-10-18,11661.849609375,1.0065162887833896
2019-10-22,11588.349609375,0.9936973977146033
2019-10-23,11604.099609375,1.0013591236483976
2019-10-24,11582.599609375,0.9981472065284039
2019-10-25,11583.900390625,1.0001123047756004
2019-10-29,11786.849609375,1.017519938181983
2019-10-30,11844.099609375,1.0048571078699828
2019-10-31,11877.4501953125,1.0028157974888274
2019-11-01,11890.599609375,1.001107090650457
2019-11-04,11941.2998046875,1.0042638888683566
2019-11-05,11917.2001953125,0.9979818269560957
2019-11-06,11966.0498046875,1.0040990843968716
2019-11-07,12012.0498046875,1.0038442093047264
2019-11-08,11908.150390625,0.9913504009930133
2019-11-11,11913.4501953125,1.0004450569159482
2019-11-13,11840.4501953125,0.9938724719704857
2019-11-14,11872.099609375,1.0026729907681238
2019-11-15,11895.4501953125,1.0019668455206576
2019-11-18,11884.5,0.9990794635652533
2019-11-19,11940.099609375,1.0046783297046573
2019-11-20,11999.099609375,1.0049413323113046
2019-11-21,11968.400390625,0.9974415398030354
2019-11-22,11914.400390625,0.9954881188598688
2019-11-25,12073.75,1.0133745387220985
2019-11-26,12037.7001953125,0.9970141998395279
2019-11-27,12100.7001953125,1.005233557820665
2019-11-28,12151.150390625,1.0041691963686568
2019-11-29,12056.0498046875,0.9921735323092641
2019-12-02,12048.2001953125,0.9993489070216061
2019-12-03,11994.2001953125,0.9955180027618558
2019-12-04,12043.2001953125,1.0040853078322929
2019-12-05,12018.400390625,0.9979407628964639
2019-12-06,11921.5,0.9919373304703188
2019-12-09,11937.5,1.0013421129891373
2019-12-10,11856.7998046875,0.9932397742146597
2019-12-11,11910.150390625,1.004499577189151
2019-12-12,11971.7998046875,1.0051762078597284
2019-12-13,12086.7001953125,1.0095975870378329
2019-12-16,12053.9501953125,0.9972904101639999
2019-12-17,12165.0,1.0092127313360466
2019-12-18,12221.650390625,1.0046568344122482
2019-12-19,12259.7001953125,1.0031133114981499
2019-12-20,12271.7998046875,1.0009869417018555
2019-12-23,12262.75,0.9992625527769738
2019-12-24,12214.5498046875,0.9960693812307598
2019-12-26,12126.5498046875,0.9927954774095539
2019-12-27,12245.7998046875,1.0098337946011573
2019-12-30,12255.849609375,1.0008206736062804
2019-12-31,12168.4501953125,0.9928687592579755
2020-01-01,12182.5,1.00115460921169
2020-01-02,12282.2001953125,1.0081838863379848
2020-01-03,12226.650390625,0.9954772106133964
2020-01-06,11993.0498046875,0.9808941469270588
2020-01-07,12052.9501953125,1.0049945920012429
2020-01-08,12025.349609375,0.9977100555888604
2020-01-09,12215.900390625,1.0158457581226117
2020-01-10,12256.7998046875,1.0033480474426502
2020-01-13,12329.5498046875,1.0059354808073293
2020-01-14,12362.2998046875,1.0026562202609821
2020-01-15,12343.2998046875,0.9984630691456944
2020-01-16,12355.5,1.0009884063018437
2020-01-17,12352.349609375,0.9997450211950144
2020-01-20,12224.5498046875,0.9896538060588486
2020-01-21,12169.849609375,0.9955253816143377
2020-01-22,12106.900390625,0.9948274448106978
2020-01-23,12180.349609375,1.0060667236352978
2020-01-24,12248.25,1.0055745847042632
2020-01-27,12119.0,0.9894474720878493
2020-01-28,12055.7998046875,0.9947850321550871
2020-01-29,12129.5,1.0061132563999482
2020-01-30,12035.7998046875,0.992275015844635
2020-01-31,11962.099609375,0.9938765851452767
